{"cameraMode":{"drawMode":0,"name":"Shaded","section":"Shading Mode"},"sceneLighting":true,"audioPlay":false,"sceneViewState":{"m_AlwaysRefresh":false,"showFog":true,"showSkybox":true,"showFlares":true,"showImageEffects":true,"showParticleSystems":true,"showVisualEffectGraphs":true,"m_FxEnabled":false},"in2DMode":false,"pivot":{"x":18.63942527770996,"y":-0.20386916399002076,"z":10.106706619262696},"rotation":{"x":-0.18828429281711579,"y":-0.28779658675193789,"z":0.05811523646116257,"w":-0.937401294708252},"size":15.408628463745118,"orthographic":false}